4535,Marcelo Gonzalez,2021-01-28T16:02:08Z, Fisheries Department, Sailor,
4572,Lidia Mendez,2021-03-28T16:01:28Z, National Bank, Accountant,
4535,Angel buttler,2021-05-28T16:02:08Z, Supply chain, Stock Handler Sr,
4572,Lidia Mendez,2021-07-28T16:01:28Z, Staff, Recruiter Ssr,
7689,Johny Ball,2021-11-28T16:02:08Z,Fire Station,Sr Fireman,
1589,Belinda Machintons,2021-11-28T16:02:08Z,Hospital,Nurse,
5793,Cecil keenan,2021-11-28T16:02:08Z,Sap Department,Deal Execution Bussiness Manager
8324,Jhonatan Tole,2021-14-28T16:02:08Z,Hsbc Bank,Mainframe Developer Sr., 
6534,Joan Cart,2021-02-28T16:02:08Z, Fisheries Department, Fisherman,
6535,Albert Zin,2021-01-28T16:02:08Z, Fisheries Department, Fisherman,
6572,Ramona Perez,2021-03-28T16:01:28Z, Soccer, Forward,
6535,Lebron James,2021-05-28T16:02:08Z, Basquetball, Legend Player,
23,Michael Jordan,2021-05-28T16:02:08Z, Basquetball, GOAT,
6572,Lidia Mendez,2021-07-28T16:01:28Z, Staff, Recruiter Ssr,
2689,Johny Head,2021-11-28T16:02:08Z,Fire Station,Sr Fireman,
2589,Phoeby Buffay,2021-11-28T16:02:08Z,Hospital,Nurse,
2793,Cecil Lavile,2021-11-28T16:02:08Z,Sap Department,Bussiness Manager
2324,Jhonatan Ask,2021-14-28T16:02:08Z,Hsbc Bank,Mainframe Developer Sr., 